Time,Scenario,Computation Time (sec),Timestep Index,Optimized Charging Request IDs,TOU Electricity Tariff ($/kW),TOU Demand Charge ($/kW),Grid Power (kW),Facility Load (kW),PV Output (kW),ESS Charge Power (kW),ESS Disharge Power (kW),ESS Energy Level (kWh),Total Cost ($),Grid Import Cost ($),Penalty for Unsatisfied EV ($),Demand Charge Cost ($),EV 1 Energy Required this Horizon,EV 1 Parking State,"EV 1 Connected Charger ID, 0 = None",EV 1 Power Delivered,EV 1 Power Unsatisfied,EV 2 Energy Required this Horizon,EV 2 Parking State,"EV 2 Connected Charger ID, 0 = None",EV 2 Power Delivered,EV 2 Power Unsatisfied,EV 3 Energy Required this Horizon,EV 3 Parking State,"EV 3 Connected Charger ID, 0 = None",EV 3 Power Delivered,EV 3 Power Unsatisfied,EV 4 Energy Required this Horizon,EV 4 Parking State,"EV 4 Connected Charger ID, 0 = None",EV 4 Power Delivered,EV 4 Power Unsatisfied,EV 5 Energy Required this Horizon,EV 5 Parking State,"EV 5 Connected Charger ID, 0 = None",EV 5 Power Delivered,EV 5 Power Unsatisfied,EV 6 Energy Required this Horizon,EV 6 Parking State,"EV 6 Connected Charger ID, 0 = None",EV 6 Power Delivered,EV 6 Power Unsatisfied,EV 7 Energy Required this Horizon,EV 7 Parking State,"EV 7 Connected Charger ID, 0 = None",EV 7 Power Delivered,EV 7 Power Unsatisfied,EV 8 Energy Required this Horizon,EV 8 Parking State,"EV 8 Connected Charger ID, 0 = None",EV 8 Power Delivered,EV 8 Power Unsatisfied,EV 9 Energy Required this Horizon,EV 9 Parking State,"EV 9 Connected Charger ID, 0 = None",EV 9 Power Delivered,EV 9 Power Unsatisfied,EV 10 Energy Required this Horizon,EV 10 Parking State,"EV 10 Connected Charger ID, 0 = None",EV 10 Power Delivered,EV 10 Power Unsatisfied,EV 11 Energy Required this Horizon,EV 11 Parking State,"EV 11 Connected Charger ID, 0 = None",EV 11 Power Delivered,EV 11 Power Unsatisfied,EV 12 Energy Required this Horizon,EV 12 Parking State,"EV 12 Connected Charger ID, 0 = None",EV 12 Power Delivered,EV 12 Power Unsatisfied,EV 13 Energy Required this Horizon,EV 13 Parking State,"EV 13 Connected Charger ID, 0 = None",EV 13 Power Delivered,EV 13 Power Unsatisfied,EV 14 Energy Required this Horizon,EV 14 Parking State,"EV 14 Connected Charger ID, 0 = None",EV 14 Power Delivered,EV 14 Power Unsatisfied,EV 15 Energy Required this Horizon,EV 15 Parking State,"EV 15 Connected Charger ID, 0 = None",EV 15 Power Delivered,EV 15 Power Unsatisfied,EV 16 Energy Required this Horizon,EV 16 Parking State,"EV 16 Connected Charger ID, 0 = None",EV 16 Power Delivered,EV 16 Power Unsatisfied,Charger 1 Connection State,Charger 2 Connection State,Charger 3 Connection State
2019-01-01 17:00:00,Test for: 3 Chargers 16 Sessions and 9.0 hrs Horizion,122.337,0,"[1, 2, 3, 4, 5, 6, 7, 8, 9, 10, 11, 12, 13, 14, 15, 16]",0.13,19.34,0,20,0,0,20,50,396.3855556,361.19177,0,35.19378564,322.12,0,0,0,0,0,0,0,0,0,322.12,0,0,0,0,0,0,0,0,0,322.12,0,0,0,0,0,0,0,0,0,322.12,0,0,0,0,0,0,0,0,0,322.12,0,0,0,0,0,0,0,0,0,322.12,0,0,0,0,0,0,0,0,0,322.12,0,0,0,0,0,0,0,0,0,322.12,0,0,0,0,0,0,0,0,0,0,0,0
2019-01-01 17:05:00,Test for: 3 Chargers 16 Sessions and 9.0 hrs Horizion,122.337,1,"[1, 2, 3, 4, 5, 6, 7, 8, 9, 10, 11, 12, 13, 14, 15, 16]",0.13,19.34,0,20,0,0,20,48.14814815,396.3855556,361.19177,0,35.19378564,322.12,0,0,0,0,0,0,0,0,0,322.12,0,0,0,0,0,0,0,0,0,322.12,0,0,0,0,0,0,0,0,0,322.12,0,0,0,0,0,0,0,0,0,322.12,0,0,0,0,0,0,0,0,0,322.12,0,0,0,0,0,0,0,0,0,322.12,0,0,0,0,0,0,0,0,0,322.12,0,0,0,0,0,0,0,0,0,0,0,0
2019-01-01 17:10:00,Test for: 3 Chargers 16 Sessions and 9.0 hrs Horizion,122.337,2,"[1, 2, 3, 4, 5, 6, 7, 8, 9, 10, 11, 12, 13, 14, 15, 16]",0.13,19.34,0,20,0,0,20,46.2962963,396.3855556,361.19177,0,35.19378564,322.12,0,0,0,0,0,0,0,0,0,322.12,0,0,0,0,0,0,0,0,0,322.12,0,0,0,0,0,0,0,0,0,322.12,0,0,0,0,0,0,0,0,0,322.12,0,0,0,0,0,0,0,0,0,322.12,0,0,0,0,0,0,0,0,0,322.12,0,0,0,0,0,0,0,0,0,322.12,0,0,0,0,0,0,0,0,0,0,0,0
2019-01-01 17:15:00,Test for: 3 Chargers 16 Sessions and 9.0 hrs Horizion,122.337,3,"[1, 2, 3, 4, 5, 6, 7, 8, 9, 10, 11, 12, 13, 14, 15, 16]",0.13,19.34,0,20,0,0,20,44.44444444,396.3855556,361.19177,0,35.19378564,322.12,0,0,0,0,0,0,0,0,0,322.12,0,0,0,0,0,0,0,0,0,322.12,0,0,0,0,0,0,0,0,0,322.12,0,0,0,0,0,0,0,0,0,322.12,0,0,0,0,0,0,0,0,0,322.12,0,0,0,0,0,0,0,0,0,322.12,0,0,0,0,0,0,0,0,0,322.12,0,0,0,0,0,0,0,0,0,0,0,0
2019-01-01 17:20:00,Test for: 3 Chargers 16 Sessions and 9.0 hrs Horizion,122.337,4,"[1, 2, 3, 4, 5, 6, 7, 8, 9, 10, 11, 12, 13, 14, 15, 16]",0.13,19.34,0,20,0,0,20,42.59259259,396.3855556,361.19177,0,35.19378564,322.12,0,0,0,0,0,0,0,0,0,322.12,0,0,0,0,0,0,0,0,0,322.12,0,0,0,0,0,0,0,0,0,322.12,0,0,0,0,0,0,0,0,0,322.12,0,0,0,0,0,0,0,0,0,322.12,0,0,0,0,0,0,0,0,0,322.12,0,0,0,0,0,0,0,0,0,322.12,0,0,0,0,0,0,0,0,0,0,0,0
2019-01-01 17:25:00,Test for: 3 Chargers 16 Sessions and 9.0 hrs Horizion,122.337,5,"[1, 2, 3, 4, 5, 6, 7, 8, 9, 10, 11, 12, 13, 14, 15, 16]",0.13,19.34,0,20,0,0,20,40.74074074,396.3855556,361.19177,0,35.19378564,322.12,0,0,0,0,0,0,0,0,0,322.12,0,0,0,0,0,0,0,0,0,322.12,0,0,0,0,0,0,0,0,0,322.12,0,0,0,0,0,0,0,0,0,322.12,0,0,0,0,0,0,0,0,0,322.12,0,0,0,0,0,0,0,0,0,322.12,0,0,0,0,0,0,0,0,0,322.12,0,0,0,0,0,0,0,0,0,0,0,0
2019-01-01 17:30:00,Test for: 3 Chargers 16 Sessions and 9.0 hrs Horizion,122.337,6,"[1, 2, 3, 4, 5, 6, 7, 8, 9, 10, 11, 12, 13, 14, 15, 16]",0.13,19.34,0,20,0,0,20,38.88888889,396.3855556,361.19177,0,35.19378564,322.12,0,0,0,0,0,0,0,0,0,322.12,0,0,0,0,0,0,0,0,0,322.12,0,0,0,0,0,0,0,0,0,322.12,0,0,0,0,0,0,0,0,0,322.12,0,0,0,0,0,0,0,0,0,322.12,0,0,0,0,0,0,0,0,0,322.12,0,0,0,0,0,0,0,0,0,322.12,0,0,0,0,0,0,0,0,0,0,0,0
2019-01-01 17:35:00,Test for: 3 Chargers 16 Sessions and 9.0 hrs Horizion,122.337,7,"[1, 2, 3, 4, 5, 6, 7, 8, 9, 10, 11, 12, 13, 14, 15, 16]",0.13,19.34,0,20,0,0,20,37.03703704,396.3855556,361.19177,0,35.19378564,322.12,0,0,0,0,0,0,0,0,0,322.12,0,0,0,0,0,0,0,0,0,322.12,0,0,0,0,0,0,0,0,0,322.12,0,0,0,0,0,0,0,0,0,322.12,0,0,0,0,0,0,0,0,0,322.12,0,0,0,0,0,0,0,0,0,322.12,0,0,0,0,0,0,0,0,0,322.12,0,0,0,0,0,0,0,0,0,0,0,0
2019-01-01 17:40:00,Test for: 3 Chargers 16 Sessions and 9.0 hrs Horizion,122.337,8,"[1, 2, 3, 4, 5, 6, 7, 8, 9, 10, 11, 12, 13, 14, 15, 16]",0.13,19.34,0,20,0,0,20,35.18518519,396.3855556,361.19177,0,35.19378564,322.12,0,0,0,0,0,0,0,0,0,322.12,0,0,0,0,0,0,0,0,0,322.12,0,0,0,0,0,0,0,0,0,322.12,0,0,0,0,0,0,0,0,0,322.12,0,0,0,0,0,0,0,0,0,322.12,0,0,0,0,0,0,0,0,0,322.12,0,0,0,0,0,0,0,0,0,322.12,0,0,0,0,0,0,0,0,0,0,0,0
2019-01-01 17:45:00,Test for: 3 Chargers 16 Sessions and 9.0 hrs Horizion,122.337,9,"[1, 2, 3, 4, 5, 6, 7, 8, 9, 10, 11, 12, 13, 14, 15, 16]",0.13,19.34,0,20,0,0,20,33.33333333,396.3855556,361.19177,0,35.19378564,322.12,0,0,0,0,0,0,0,0,0,322.12,0,0,0,0,0,0,0,0,0,322.12,0,0,0,0,0,0,0,0,0,322.12,0,0,0,0,0,0,0,0,0,322.12,0,0,0,0,0,0,0,0,0,322.12,0,0,0,0,0,0,0,0,0,322.12,0,0,0,0,0,0,0,0,0,322.12,0,0,0,0,0,0,0,0,0,0,0,0
2019-01-01 17:50:00,Test for: 3 Chargers 16 Sessions and 9.0 hrs Horizion,122.337,10,"[1, 2, 3, 4, 5, 6, 7, 8, 9, 10, 11, 12, 13, 14, 15, 16]",0.13,19.34,0,20,0,0,20,31.48148148,396.3855556,361.19177,0,35.19378564,322.12,0,0,0,0,0,0,0,0,0,322.12,0,0,0,0,0,0,0,0,0,322.12,0,0,0,0,0,0,0,0,0,322.12,0,0,0,0,0,0,0,0,0,322.12,0,0,0,0,0,0,0,0,0,322.12,0,0,0,0,0,0,0,0,0,322.12,0,0,0,0,0,0,0,0,0,322.12,0,0,0,0,0,0,0,0,0,0,0,0
2019-01-01 17:55:00,Test for: 3 Chargers 16 Sessions and 9.0 hrs Horizion,122.337,11,"[1, 2, 3, 4, 5, 6, 7, 8, 9, 10, 11, 12, 13, 14, 15, 16]",0.13,19.34,0,20,0,0,20,29.62962963,396.3855556,361.19177,0,35.19378564,322.12,0,0,0,0,0,0,0,0,0,322.12,0,0,0,0,0,0,0,0,0,322.12,0,0,0,0,0,0,0,0,0,322.12,0,0,0,0,0,0,0,0,0,322.12,0,0,0,0,0,0,0,0,0,322.12,0,0,0,0,0,0,0,0,0,322.12,0,0,0,0,0,0,0,0,0,322.12,0,0,0,0,0,0,0,0,0,0,0,0
2019-01-01 18:00:00,Test for: 3 Chargers 16 Sessions and 9.0 hrs Horizion,122.337,12,"[1, 2, 3, 4, 5, 6, 7, 8, 9, 10, 11, 12, 13, 14, 15, 16]",0.2634,5.17,20,20,0,0,0,27.77777778,396.3855556,361.19177,0,35.19378564,322.12,0,0,0,0,0,0,0,0,0,322.12,0,0,0,0,0,0,0,0,0,322.12,0,0,0,0,0,0,0,0,0,322.12,0,0,0,0,0,0,0,0,0,322.12,0,0,0,0,0,0,0,0,0,322.12,0,0,0,0,0,0,0,0,0,322.12,0,0,0,0,0,0,0,0,0,322.12,0,0,0,0,0,0,0,0,0,0,0,0
2019-01-01 18:05:00,Test for: 3 Chargers 16 Sessions and 9.0 hrs Horizion,122.337,13,"[1, 2, 3, 4, 5, 6, 7, 8, 9, 10, 11, 12, 13, 14, 15, 16]",0.2634,5.17,20,20,0,0,0,27.77777778,396.3855556,361.19177,0,35.19378564,322.12,0,0,0,0,0,0,0,0,0,322.12,0,0,0,0,0,0,0,0,0,322.12,0,0,0,0,0,0,0,0,0,322.12,0,0,0,0,0,0,0,0,0,322.12,0,0,0,0,0,0,0,0,0,322.12,0,0,0,0,0,0,0,0,0,322.12,0,0,0,0,0,0,0,0,0,322.12,0,0,0,0,0,0,0,0,0,0,0,0
2019-01-01 18:10:00,Test for: 3 Chargers 16 Sessions and 9.0 hrs Horizion,122.337,14,"[1, 2, 3, 4, 5, 6, 7, 8, 9, 10, 11, 12, 13, 14, 15, 16]",0.2634,5.17,20,20,0,0,0,27.77777778,396.3855556,361.19177,0,35.19378564,322.12,0,0,0,0,0,0,0,0,0,322.12,0,0,0,0,0,0,0,0,0,322.12,0,0,0,0,0,0,0,0,0,322.12,0,0,0,0,0,0,0,0,0,322.12,0,0,0,0,0,0,0,0,0,322.12,0,0,0,0,0,0,0,0,0,322.12,0,0,0,0,0,0,0,0,0,322.12,0,0,0,0,0,0,0,0,0,0,0,0
2019-01-01 18:15:00,Test for: 3 Chargers 16 Sessions and 9.0 hrs Horizion,122.337,15,"[1, 2, 3, 4, 5, 6, 7, 8, 9, 10, 11, 12, 13, 14, 15, 16]",0.2634,5.17,204.2192591,20,0,0,15.78074095,27.77777778,396.3855556,361.19177,0,35.19378564,322.12,1,0,0,0,0,1,0,0,0,322.12,1,0,0,0,0,1,0,0,0,322.12,1,0,0,0,0,1,0,0,0,322.12,1,3,180,0,0,1,0,0,0,322.12,1,0,0,0,0,1,0,0,0,322.12,1,0,0,0,0,1,0,0,0,322.12,1,0,0,0,0,1,0,0,0,322.12,1,0,0,0,0,1,0,0,0,0,0,1
2019-01-01 18:20:00,Test for: 3 Chargers 16 Sessions and 9.0 hrs Horizion,122.337,16,"[1, 2, 3, 4, 5, 6, 7, 8, 9, 10, 11, 12, 13, 14, 15, 16]",0.2634,5.17,204.2192591,20,0,0,5.398519963,26.31659806,396.3855556,361.19177,0,35.19378564,322.12,1,0,0,0,0,1,0,0,0,322.12,1,0,0,0,0,1,0,0,0,322.12,1,0,0,0,0,1,0,0,0,322.12,1,3,170.6560011,0,0,1,0,0,0,322.12,1,0,0,0,0,1,0,0,0,322.12,1,0,0,0,0,1,0,0,0,322.12,1,0,0,0,0,1,0,0,0,322.12,1,0,0,0,0,1,0,0,0,0,0,1
2019-01-01 18:25:00,Test for: 3 Chargers 16 Sessions and 9.0 hrs Horizion,122.337,17,"[1, 2, 3, 4, 5, 6, 7, 8, 9, 10, 11, 12, 13, 14, 15, 16]",0.2634,5.17,204.2192591,20,0,0,15.78074095,25.8167351,396.3855556,361.19177,0,35.19378564,322.12,1,0,0,0,0,1,0,0,0,322.12,1,0,0,0,0,1,0,0,0,322.12,1,0,0,0,0,1,0,0,0,322.12,1,3,180,0,0,1,0,0,0,322.12,1,0,0,0,0,1,0,0,0,322.12,1,0,0,0,0,1,0,0,0,322.12,1,0,0,0,0,1,0,0,0,322.12,1,0,0,0,0,1,0,0,0,0,0,1
2019-01-01 18:30:00,Test for: 3 Chargers 16 Sessions and 9.0 hrs Horizion,122.337,18,"[1, 2, 3, 4, 5, 6, 7, 8, 9, 10, 11, 12, 13, 14, 15, 16]",0.2634,5.17,204.2192591,20,0,0,15.78074095,24.35555538,396.3855556,361.19177,0,35.19378564,322.12,1,0,0,0,0,1,0,0,0,322.12,1,0,0,0,0,1,0,0,0,322.12,1,0,0,0,0,1,0,0,0,322.12,1,3,180,0,0,1,0,0,0,322.12,1,0,0,0,0,1,0,0,0,322.12,1,0,0,0,0,1,0,0,0,322.12,1,0,0,0,0,1,0,0,0,322.12,1,0,0,0,0,1,0,0,0,0,0,1
2019-01-01 18:35:00,Test for: 3 Chargers 16 Sessions and 9.0 hrs Horizion,122.337,19,"[1, 2, 3, 4, 5, 6, 7, 8, 9, 10, 11, 12, 13, 14, 15, 16]",0.2634,5.17,204.2192591,20,0,0,15.78074095,22.89437567,396.3855556,361.19177,0,35.19378564,322.12,1,0,0,0,0,1,0,0,0,322.12,1,0,0,0,0,1,0,0,0,322.12,1,0,0,0,0,1,0,0,0,322.12,1,3,180,0,0,1,0,0,0,322.12,1,0,0,0,0,1,0,0,0,322.12,1,0,0,0,0,1,0,0,0,322.12,1,0,0,0,0,1,0,0,0,322.12,1,0,0,0,0,1,0,0,0,0,0,1
2019-01-01 18:40:00,Test for: 3 Chargers 16 Sessions and 9.0 hrs Horizion,122.337,20,"[1, 2, 3, 4, 5, 6, 7, 8, 9, 10, 11, 12, 13, 14, 15, 16]",0.2634,5.17,204.2192591,20,0,0,15.78074095,21.43319595,396.3855556,361.19177,0,35.19378564,322.12,1,0,0,0,0,1,0,0,0,322.12,1,0,0,0,0,1,0,0,0,322.12,1,0,0,0,0,1,0,0,0,322.12,1,3,180,0,0,1,0,0,0,322.12,1,0,0,0,0,1,0,0,0,322.12,1,0,0,0,0,1,0,0,0,322.12,1,0,0,0,0,1,0,0,0,322.12,1,0,0,0,0,1,0,0,0,0,0,1
2019-01-01 18:45:00,Test for: 3 Chargers 16 Sessions and 9.0 hrs Horizion,122.337,21,"[1, 2, 3, 4, 5, 6, 7, 8, 9, 10, 11, 12, 13, 14, 15, 16]",0.2634,5.17,204.2192591,20,0,0,15.78074095,19.97201623,396.3855556,361.19177,0,35.19378564,322.12,1,0,0,0,0,1,0,0,0,322.12,1,0,0,0,0,1,0,0,0,322.12,1,0,0,0,0,1,0,0,0,322.12,1,3,180,0,0,1,0,0,0,322.12,1,0,0,0,0,1,0,0,0,322.12,1,0,0,0,0,1,0,0,0,322.12,1,0,0,0,0,1,0,0,0,322.12,1,0,0,0,0,1,0,0,0,0,0,1
2019-01-01 18:50:00,Test for: 3 Chargers 16 Sessions and 9.0 hrs Horizion,122.337,22,"[1, 2, 3, 4, 5, 6, 7, 8, 9, 10, 11, 12, 13, 14, 15, 16]",0.2634,5.17,204.2192591,20,0,0,0,18.51083651,396.3855556,361.19177,0,35.19378564,322.12,1,0,0,0,0,1,0,0,0,322.12,1,0,0,0,0,1,0,0,0,322.12,1,0,0,0,0,1,0,0,0,322.12,1,3,165.7973331,0,0,1,0,0,0,322.12,1,0,0,0,0,1,0,0,0,322.12,1,0,0,0,0,1,0,0,0,322.12,1,0,0,0,0,1,0,0,0,322.12,1,0,0,0,0,1,0,0,0,0,0,1
2019-01-01 18:55:00,Test for: 3 Chargers 16 Sessions and 9.0 hrs Horizion,122.337,23,"[1, 2, 3, 4, 5, 6, 7, 8, 9, 10, 11, 12, 13, 14, 15, 16]",0.2634,5.17,204.2192591,20,0,0,15.78074095,18.51083651,396.3855556,361.19177,0,35.19378564,322.12,1,0,0,0,0,1,0,0,0,322.12,1,0,0,0,0,1,0,0,0,322.12,1,0,0,0,0,1,0,0,0,322.12,1,3,180,0,0,1,0,0,0,322.12,1,9.03333E-07,0,0,0,1,0,0,0,322.12,1,0,0,0,0,1,0,0,0,322.12,1,0,0,0,0,1,0,0,0,322.12,1,0,0,0,0,1,0,0,0,0,4.51667E-07,1
2019-01-01 19:00:00,Test for: 3 Chargers 16 Sessions and 9.0 hrs Horizion,122.337,24,"[1, 2, 3, 4, 5, 6, 7, 8, 9, 10, 11, 12, 13, 14, 15, 16]",0.2634,5.17,204.2192591,20,0,0,15.78074095,17.0496568,396.3855556,361.19177,0,35.19378564,322.12,1,0,0,0,0,1,0,0,0,322.12,1,0,0,0,0,1,0,0,0,322.12,1,0,0,0,0,1,0,0,0,322.12,1,3,180,0,0,1,0,0,0,322.12,1,9.0984E-07,0,0,0,1,0,0,0,322.12,1,0,0,0,0,1,0,0,0,322.12,1,0,0,0,0,1,0,0,0,322.12,1,0,0,0,0,1,0,0,0,0,4.5492E-07,1
2019-01-01 19:05:00,Test for: 3 Chargers 16 Sessions and 9.0 hrs Horizion,122.337,25,"[1, 2, 3, 4, 5, 6, 7, 8, 9, 10, 11, 12, 13, 14, 15, 16]",0.2634,5.17,204.2192591,20,0,0,0,15.58847708,396.3855556,361.19177,0,35.19378564,322.12,1,0,0,0,0,1,0,0,0,322.12,1,0,0,0,0,1,0,0,0,322.12,1,0,0,0,0,1,0,0,0,322.12,1,3,165.7973331,0,0,1,0,0,0,322.12,1,0,0,0,0,1,0,0,0,322.12,1,0,0,0,0,1,0,0,0,322.12,1,0,0,0,0,1,0,0,0,322.12,1,0,0,0,0,1,0,0,0,0,0,1
2019-01-01 19:10:00,Test for: 3 Chargers 16 Sessions and 9.0 hrs Horizion,122.337,26,"[1, 2, 3, 4, 5, 6, 7, 8, 9, 10, 11, 12, 13, 14, 15, 16]",0.2634,5.17,204.2192591,20,0,0,0,15.58847708,396.3855556,361.19177,0,35.19378564,322.12,1,0,0,0,0,1,0,0,0,322.12,1,0,0,0,0,1,0,0,0,322.12,1,0,0,0,0,1,0,0,0,322.12,1,3,165.7973331,0,0,1,0,0,0,322.12,1,0,0,0,0,1,0,0,0,322.12,1,0,0,0,0,1,0,0,0,322.12,1,0,0,0,0,1,0,0,0,322.12,1,0,0,0,0,1,0,0,0,0,0,1
2019-01-01 19:15:00,Test for: 3 Chargers 16 Sessions and 9.0 hrs Horizion,122.337,27,"[1, 2, 3, 4, 5, 6, 7, 8, 9, 10, 11, 12, 13, 14, 15, 16]",0.2634,5.17,204.2192591,20,0,0,15.78074095,15.58847708,396.3855556,361.19177,0,35.19378564,322.12,1,0,0,0,0,1,0,0,0,322.12,1,0,0,0,0,1,0,0,0,322.12,1,0,0,0,0,1,0,0,0,322.12,1,3,180,0,0,1,0,0,0,322.12,1,0,0,0,0,1,0,0,0,322.12,1,0,0,0,0,1,0,0,0,322.12,1,0,0,0,0,1,0,0,0,322.12,1,0,0,0,0,1,0,0,0,0,0,1
2019-01-01 19:20:00,Test for: 3 Chargers 16 Sessions and 9.0 hrs Horizion,122.337,28,"[1, 2, 3, 4, 5, 6, 7, 8, 9, 10, 11, 12, 13, 14, 15, 16]",0.2634,5.17,204.2192591,20,0,0,15.78074095,14.12729736,396.3855556,361.19177,0,35.19378564,322.12,1,0,0,0,0,1,0,0,0,322.12,1,0,0,0,0,1,0,0,0,322.12,1,0,0,0,0,1,0,0,0,322.12,1,3,180,0,0,1,0,0,0,322.12,1,0,0,0,0,1,0,0,0,322.12,1,0,0,0,0,1,0,0,0,322.12,1,0,0,0,0,1,0,0,0,322.12,1,0,0,0,0,1,0,0,0,0,0,1
2019-01-01 19:25:00,Test for: 3 Chargers 16 Sessions and 9.0 hrs Horizion,122.337,29,"[1, 2, 3, 4, 5, 6, 7, 8, 9, 10, 11, 12, 13, 14, 15, 16]",0.2634,5.17,204.2192591,20,0,0,15.78074095,12.66611764,396.3855556,361.19177,0,35.19378564,322.12,1,0,0,0,0,1,0,0,0,322.12,1,0,0,0,0,1,0,0,0,322.12,1,0,0,0,0,1,0,0,0,322.12,1,3,180,0,0,1,0,0,0,322.12,1,0,0,0,0,1,0,0,0,322.12,1,0,0,0,0,1,0,0,0,322.12,1,0,0,0,0,1,0,0,0,322.12,1,0,0,0,0,1,0,0,0,0,0,1
2019-01-01 19:30:00,Test for: 3 Chargers 16 Sessions and 9.0 hrs Horizion,122.337,30,"[1, 2, 3, 4, 5, 6, 7, 8, 9, 10, 11, 12, 13, 14, 15, 16]",0.2634,5.17,204.2192591,20,0,0,15.78074095,11.20493793,396.3855556,361.19177,0,35.19378564,322.12,1,0,0,0,0,1,0,0,0,322.12,1,0,0,0,0,1,0,0,0,322.12,1,0,0,0,0,1,0,0,0,322.12,1,3,180,0,0,1,0,0,0,322.12,1,0,0,0,0,1,0,0,0,322.12,1,0,0,0,0,1,0,0,0,322.12,1,0,0,0,0,1,0,0,0,322.12,1,0,0,0,0,1,0,0,0,0,0,1
2019-01-01 19:35:00,Test for: 3 Chargers 16 Sessions and 9.0 hrs Horizion,122.337,31,"[1, 2, 3, 4, 5, 6, 7, 8, 9, 10, 11, 12, 13, 14, 15, 16]",0.2634,5.17,204.2192591,20,0,0,15.78074095,9.74375821,396.3855556,361.19177,0,35.19378564,322.12,1,0,0,0,0,1,0,0,0,322.12,1,0,0,0,0,1,0,0,0,322.12,1,0,0,0,0,1,0,0,0,322.12,1,3,180,0,0,1,0,0,0,322.12,1,0,0,0,0,1,0,0,0,322.12,1,0,0,0,0,1,0,0,0,322.12,1,0,0,0,0,1,0,0,0,322.12,1,0,0,0,0,1,0,0,0,0,0,1
2019-01-01 19:40:00,Test for: 3 Chargers 16 Sessions and 9.0 hrs Horizion,122.337,32,"[1, 2, 3, 4, 5, 6, 7, 8, 9, 10, 11, 12, 13, 14, 15, 16]",0.2634,5.17,204.2192591,20,0,0,0,8.282578493,396.3855556,361.19177,0,35.19378564,322.12,1,0,0,0,0,1,0,0,0,322.12,1,0,0,0,0,1,0,0,0,322.12,1,0,0,0,0,1,0,0,0,322.12,1,3,165.7973331,0,0,1,0,0,0,322.12,1,0,0,0,0,1,0,0,0,322.12,1,0,0,0,0,1,0,0,0,322.12,1,0,0,0,0,1,0,0,0,322.12,1,0,0,0,0,1,0,0,0,0,0,1
2019-01-01 19:45:00,Test for: 3 Chargers 16 Sessions and 9.0 hrs Horizion,122.337,33,"[1, 2, 3, 4, 5, 6, 7, 8, 9, 10, 11, 12, 13, 14, 15, 16]",0.2634,5.17,204.2192591,20,0,0,15.78074095,8.282578493,396.3855556,361.19177,0,35.19378564,322.12,1,0,0,0,0,1,0,0,0,322.12,1,0,0,0,0,1,0,0,0,322.12,1,0,0,0,0,1,0,0,0,322.12,1,3,180,0,0,1,0,0,0,322.12,1,0,0,0,0,1,0,0,0,322.12,1,0,0,0,0,1,0,0,0,322.12,1,0,0,0,0,1,0,0,0,322.12,1,0,0,0,0,1,0,0,0,0,0,1
2019-01-01 19:50:00,Test for: 3 Chargers 16 Sessions and 9.0 hrs Horizion,122.337,34,"[1, 2, 3, 4, 5, 6, 7, 8, 9, 10, 11, 12, 13, 14, 15, 16]",0.2634,5.17,204.2192591,20,0,0,0,6.821398776,396.3855556,361.19177,0,35.19378564,322.12,1,0,0,0,0,1,0,0,0,322.12,1,0,0,0,0,1,0,0,0,322.12,1,0,0,0,0,1,0,0,0,322.12,1,3,165.7973331,0,0,1,0,0,0,322.12,1,0,0,0,0,1,0,0,0,322.12,1,0,0,0,0,1,0,0,0,322.12,1,0,0,0,0,1,0,0,0,322.12,1,0,0,0,0,1,0,0,0,0,0,1
2019-01-01 19:55:00,Test for: 3 Chargers 16 Sessions and 9.0 hrs Horizion,122.337,35,"[1, 2, 3, 4, 5, 6, 7, 8, 9, 10, 11, 12, 13, 14, 15, 16]",0.2634,5.17,204.2192591,20,0,0,0,6.821398776,396.3855556,361.19177,0,35.19378564,322.12,1,0,0,0,0,1,0,0,0,322.12,1,0,0,0,0,1,0,0,0,322.12,1,0,0,0,0,1,0,0,0,322.12,1,3,165.7973331,0,0,1,0,0,0,322.12,1,0,0,0,0,1,0,0,0,322.12,1,0,0,0,0,1,0,0,0,322.12,1,0,0,0,0,1,0,0,0,322.12,1,0,0,0,0,1,0,0,0,0,0,1
2019-01-01 20:00:00,Test for: 3 Chargers 16 Sessions and 9.0 hrs Horizion,122.337,36,"[1, 2, 3, 4, 5, 6, 7, 8, 9, 10, 11, 12, 13, 14, 15, 16]",0.2634,5.17,204.2192591,20,0,0,15.78074095,6.821398776,396.3855556,361.19177,0,35.19378564,322.12,1,0,0,0,0,1,0,0,0,322.12,1,0,0,0,0,1,0,0,0,322.12,1,0,0,0,0,1,0,0,0,322.12,1,3,180,0,0,1,0,0,0,322.12,1,0,0,0,0,1,0,0,0,322.12,1,0,0,0,0,1,0,0,0,322.12,1,0,0,0,0,1,0,0,0,322.12,1,0,0,0,0,1,0,0,0,0,0,1
2019-01-01 20:05:00,Test for: 3 Chargers 16 Sessions and 9.0 hrs Horizion,122.337,37,"[1, 2, 3, 4, 5, 6, 7, 8, 9, 10, 11, 12, 13, 14, 15, 16]",0.2634,5.17,204.2192591,20,0,0,0,5.360219058,396.3855556,361.19177,0,35.19378564,322.12,1,0,0,0,0,1,0,0,0,322.12,1,0,0,0,0,1,0,0,0,322.12,1,0,0,0,0,1,0,0,0,322.12,1,0,0,0,0,1,0,0,0,322.12,1,3,165.7973331,0,0,1,0,0,0,322.12,1,0,0,0,0,1,0,0,0,322.12,1,0,0,0,0,1,0,0,0,322.12,1,0,0,0,0,1,0,0,0,0,0,1
2019-01-01 20:10:00,Test for: 3 Chargers 16 Sessions and 9.0 hrs Horizion,122.337,38,"[1, 2, 3, 4, 5, 6, 7, 8, 9, 10, 11, 12, 13, 14, 15, 16]",0.2634,5.17,204.2192591,20,0,0,0,5.360219058,396.3855556,361.19177,0,35.19378564,322.12,1,0,0,0,0,1,0,0,0,322.12,1,0,0,0,0,1,0,0,0,322.12,1,0,0,0,0,1,0,0,0,322.12,1,0,0,0,0,1,0,0,0,322.12,1,3,165.7973331,0,0,1,0,0,0,322.12,1,0,0,0,0,1,0,0,0,322.12,1,0,0,0,0,1,0,0,0,322.12,1,0,0,0,0,1,0,0,0,0,0,1
2019-01-01 20:15:00,Test for: 3 Chargers 16 Sessions and 9.0 hrs Horizion,122.337,39,"[1, 2, 3, 4, 5, 6, 7, 8, 9, 10, 11, 12, 13, 14, 15, 16]",0.2634,5.17,204.2192591,20,0,0,0,5.360219058,396.3855556,361.19177,0,35.19378564,322.12,1,0,0,0,0,1,0,0,0,322.12,1,0,0,0,0,1,0,0,0,322.12,1,0,0,0,0,1,0,0,0,322.12,1,0,0,0,0,1,0,0,0,322.12,1,3,165.7973331,0,0,1,0,0,0,322.12,1,0,0,0,0,1,0,0,0,322.12,1,0,0,0,0,1,0,0,0,322.12,1,0,0,0,0,1,0,0,0,0,0,1
2019-01-01 20:20:00,Test for: 3 Chargers 16 Sessions and 9.0 hrs Horizion,122.337,40,"[1, 2, 3, 4, 5, 6, 7, 8, 9, 10, 11, 12, 13, 14, 15, 16]",0.2634,5.17,204.2192591,20,0,0,0,5.360219058,396.3855556,361.19177,0,35.19378564,322.12,1,0,0,0,0,1,0,0,0,322.12,1,0,0,0,0,1,0,0,0,322.12,1,0,0,0,0,1,0,0,0,322.12,1,0,0,0,0,1,0,0,0,322.12,1,3,165.7973331,0,0,1,0,0,0,322.12,1,0,0,0,0,1,0,0,0,322.12,1,0,0,0,0,1,0,0,0,322.12,1,0,0,0,0,1,0,0,0,0,0,1
2019-01-01 20:25:00,Test for: 3 Chargers 16 Sessions and 9.0 hrs Horizion,122.337,41,"[1, 2, 3, 4, 5, 6, 7, 8, 9, 10, 11, 12, 13, 14, 15, 16]",0.2634,5.17,204.2192591,20,0,0,0,5.360219058,396.3855556,361.19177,0,35.19378564,322.12,1,0,0,0,0,1,0,0,0,322.12,1,0,0,0,0,1,0,0,0,322.12,1,0,0,0,0,1,0,0,0,322.12,1,0,0,0,0,1,0,0,0,322.12,1,3,165.7973331,0,0,1,0,0,0,322.12,1,0,0,0,0,1,0,0,0,322.12,1,0,0,0,0,1,0,0,0,322.12,1,0,0,0,0,1,0,0,0,0,0,1
2019-01-01 20:30:00,Test for: 3 Chargers 16 Sessions and 9.0 hrs Horizion,122.337,42,"[1, 2, 3, 4, 5, 6, 7, 8, 9, 10, 11, 12, 13, 14, 15, 16]",0.2634,5.17,204.2192591,20,0,0,0,5.360219058,396.3855556,361.19177,0,35.19378564,322.12,1,0,0,0,0,1,0,0,0,322.12,1,0,0,0,0,1,0,0,0,322.12,1,0,0,0,0,1,0,0,0,322.12,1,0,0,0,0,1,0,0,0,322.12,1,3,165.7973331,0,0,1,0,0,0,322.12,1,0,0,0,0,1,0,0,0,322.12,1,0,0,0,0,1,0,0,0,322.12,1,0,0,0,0,1,0,0,0,0,0,1
2019-01-01 20:35:00,Test for: 3 Chargers 16 Sessions and 9.0 hrs Horizion,122.337,43,"[1, 2, 3, 4, 5, 6, 7, 8, 9, 10, 11, 12, 13, 14, 15, 16]",0.2634,5.17,204.2192591,20,0,0,0,5.360219058,396.3855556,361.19177,0,35.19378564,322.12,1,0,0,0,0,1,0,0,0,322.12,1,0,0,0,0,1,0,0,0,322.12,1,0,0,0,0,1,0,0,0,322.12,1,0,0,0,0,1,0,0,0,322.12,1,3,165.7973331,0,0,1,0,0,0,322.12,1,0,0,0,0,1,0,0,0,322.12,1,0,0,0,0,1,0,0,0,322.12,1,0,0,0,0,1,0,0,0,0,0,1
2019-01-01 20:40:00,Test for: 3 Chargers 16 Sessions and 9.0 hrs Horizion,122.337,44,"[1, 2, 3, 4, 5, 6, 7, 8, 9, 10, 11, 12, 13, 14, 15, 16]",0.2634,5.17,204.2192591,20,0,0,0,5.360219058,396.3855556,361.19177,0,35.19378564,322.12,1,0,0,0,0,1,0,0,0,322.12,1,0,0,0,0,1,0,0,0,322.12,1,0,0,0,0,1,0,0,0,322.12,1,0,0,0,0,1,0,0,0,322.12,1,3,165.7973331,0,0,1,0,0,0,322.12,1,0,0,0,0,1,0,0,0,322.12,1,0,0,0,0,1,0,0,0,322.12,1,0,0,0,0,1,0,0,0,0,0,1
2019-01-01 20:45:00,Test for: 3 Chargers 16 Sessions and 9.0 hrs Horizion,122.337,45,"[1, 2, 3, 4, 5, 6, 7, 8, 9, 10, 11, 12, 13, 14, 15, 16]",0.2634,5.17,204.2192591,20,0,0,0,5.360219058,396.3855556,361.19177,0,35.19378564,322.12,1,0,0,0,0,1,0,0,0,322.12,1,0,0,0,0,1,0,0,0,322.12,1,0,0,0,0,1,0,0,0,322.12,1,0,0,0,0,1,0,0,0,322.12,1,3,165.7973331,0,0,1,0,0,0,322.12,1,0,0,0,0,1,0,0,0,322.12,1,0,0,0,0,1,0,0,0,322.12,1,0,0,0,0,1,0,0,0,0,0,1
2019-01-01 20:50:00,Test for: 3 Chargers 16 Sessions and 9.0 hrs Horizion,122.337,46,"[1, 2, 3, 4, 5, 6, 7, 8, 9, 10, 11, 12, 13, 14, 15, 16]",0.2634,5.17,204.2192591,20,0,0,0,5.360219058,396.3855556,361.19177,0,35.19378564,322.12,1,0,0,0,0,1,0,0,0,322.12,1,0,0,0,0,1,0,0,0,322.12,1,0,0,0,0,1,0,0,0,322.12,1,0,0,0,0,1,0,0,0,322.12,1,3,165.7973331,0,0,1,0,0,0,322.12,1,0,0,0,0,1,0,0,0,322.12,1,0,0,0,0,1,0,0,0,322.12,1,0,0,0,0,1,0,0,0,0,0,1
2019-01-01 20:55:00,Test for: 3 Chargers 16 Sessions and 9.0 hrs Horizion,122.337,47,"[1, 2, 3, 4, 5, 6, 7, 8, 9, 10, 11, 12, 13, 14, 15, 16]",0.2634,5.17,204.2192591,20,0,0,0,5.360219058,396.3855556,361.19177,0,35.19378564,322.12,1,0,0,0,0,1,0,0,0,322.12,1,0,0,0,0,1,0,0,0,322.12,1,0,0,0,0,1,0,0,0,322.12,1,0,0,0,0,1,0,0,0,322.12,1,3,165.7973331,0,0,1,0,0,0,322.12,1,0,0,0,0,1,0,0,0,322.12,1,0,0,0,0,1,0,0,0,322.12,1,0,0,0,0,1,0,0,0,0,0,1
2019-01-01 21:00:00,Test for: 3 Chargers 16 Sessions and 9.0 hrs Horizion,122.337,48,"[1, 2, 3, 4, 5, 6, 7, 8, 9, 10, 11, 12, 13, 14, 15, 16]",0.092,5.17,204.2192591,20,0,0,0,5.360219058,396.3855556,361.19177,0,35.19378564,322.12,1,0,0,0,0,1,0,0,0,322.12,1,0,0,0,0,1,0,0,0,322.12,1,0,0,0,0,1,0,0,0,322.12,1,0,0,0,0,1,0,0,0,322.12,1,3,165.7973331,0,0,1,0,0,0,322.12,1,0,0,0,0,1,0,0,0,322.12,1,0,0,0,0,1,0,0,0,322.12,1,0,0,0,0,1,0,0,0,0,0,1
2019-01-01 21:05:00,Test for: 3 Chargers 16 Sessions and 9.0 hrs Horizion,122.337,49,"[1, 2, 3, 4, 5, 6, 7, 8, 9, 10, 11, 12, 13, 14, 15, 16]",0.092,5.17,204.2192591,20,0,0,15.78091499,5.360219058,396.3855556,361.19177,0,35.19378564,322.12,1,0,0,0,0,1,0,0,0,322.12,1,1.74039E-06,1.36308E-10,0,0,1,0,0,0,322.12,1,0,0,0,0,1,0,0,0,322.12,1,0,0,0,0,1,0,0,0,322.12,1,3,180,0,0,1,0,0,0,322.12,1,0,0,0,0,1,0,0,0,322.12,1,0,0,0,0,1,0,0,0,322.12,1,0,0,0,0,1,0,0,0,0,8.70197E-07,1
2019-01-01 21:10:00,Test for: 3 Chargers 16 Sessions and 9.0 hrs Horizion,122.337,50,"[1, 2, 3, 4, 5, 6, 7, 8, 9, 10, 11, 12, 13, 14, 15, 16]",0.092,5.17,204.2192591,20,0,0,0,3.899023226,396.3855556,361.19177,0,35.19378564,322.12,1,0,0,0,0,1,0,0,0,322.12,1,1.73373E-06,0,0,0,1,0,0,0,322.12,1,0,0,0,0,1,0,0,0,322.12,1,0,0,0,0,1,0,0,0,322.12,1,3,165.7973331,0,0,1,0,0,0,322.12,1,0,0,0,0,1,0,0,0,322.12,1,0,0,0,0,1,0,0,0,322.12,1,0,0,0,0,1,0,0,0,0,8.66864E-07,1
2019-01-01 21:15:00,Test for: 3 Chargers 16 Sessions and 9.0 hrs Horizion,122.337,51,"[1, 2, 3, 4, 5, 6, 7, 8, 9, 10, 11, 12, 13, 14, 15, 16]",0.092,5.17,204.2192591,20,0,0,0,3.899023226,396.3855556,361.19177,0,35.19378564,322.12,1,0,0,0,0,1,0,0,0,322.12,1,1.72706E-06,0,0,0,1,0,0,0,322.12,1,0,0,0,0,1,0,0,0,322.12,1,0,0,0,0,1,0,0,0,322.12,1,3,165.7973331,0,0,1,0,0,0,322.12,1,0,0,0,0,1,0,0,0,322.12,1,0,0,0,0,1,0,0,0,322.12,1,0,0,0,0,1,0,0,0,0,8.63531E-07,1
2019-01-01 21:20:00,Test for: 3 Chargers 16 Sessions and 9.0 hrs Horizion,122.337,52,"[1, 2, 3, 4, 5, 6, 7, 8, 9, 10, 11, 12, 13, 14, 15, 16]",0.092,5.17,204.2192591,20,0,0,15.78074095,3.899023226,396.3855556,361.19177,0,35.19378564,322.12,1,0,0,0,0,1,0,0,0,322.12,1,1.72378E-06,0,0,0,1,0,0,0,322.12,1,0,0,0,0,1,0,0,0,322.12,1,0,0,0,0,1,0,0,0,322.12,1,3,180,0,0,1,0,0,0,322.12,1,0,0,0,0,1,0,0,0,322.12,1,0,0,0,0,1,0,0,0,322.12,1,0,0,0,0,1,0,0,0,0,8.61889E-07,1
2019-01-01 21:25:00,Test for: 3 Chargers 16 Sessions and 9.0 hrs Horizion,122.337,53,"[1, 2, 3, 4, 5, 6, 7, 8, 9, 10, 11, 12, 13, 14, 15, 16]",0.092,5.17,204.2192591,20,0,0,0,2.437843508,396.3855556,361.19177,0,35.19378564,322.12,1,0,0,0,0,1,0,0,0,322.12,1,1.72711E-06,0,0,0,1,0,0,0,322.12,1,0,0,0,0,1,0,0,0,322.12,1,0,0,0,0,1,0,0,0,322.12,1,3,165.7973331,0,0,1,0,0,0,322.12,1,0,0,0,0,1,0,0,0,322.12,1,0,0,0,0,1,0,0,0,322.12,1,0,0,0,0,1,0,0,0,0,8.63556E-07,1
2019-01-01 21:30:00,Test for: 3 Chargers 16 Sessions and 9.0 hrs Horizion,122.337,54,"[1, 2, 3, 4, 5, 6, 7, 8, 9, 10, 11, 12, 13, 14, 15, 16]",0.092,5.17,204.2192591,20,0,0,0,2.437843508,396.3855556,361.19177,0,35.19378564,322.12,1,0,0,0,0,1,0,0,0,322.12,1,1.72378E-06,0,0,0,1,0,0,0,322.12,1,0,0,0,0,1,0,0,0,322.12,1,0,0,0,0,1,0,0,0,322.12,1,3,165.7973331,0,0,1,0,0,0,322.12,1,0,0,0,0,1,0,0,0,322.12,1,0,0,0,0,1,0,0,0,322.12,1,0,0,0,0,1,0,0,0,0,8.61889E-07,1
2019-01-01 21:35:00,Test for: 3 Chargers 16 Sessions and 9.0 hrs Horizion,122.337,55,"[1, 2, 3, 4, 5, 6, 7, 8, 9, 10, 11, 12, 13, 14, 15, 16]",0.092,5.17,204.2192591,20,0,0,15.78074095,2.437843508,396.3855556,361.19177,0,35.19378564,322.12,1,0,0,0,0,1,0,0,0,322.12,1,1.72378E-06,0,0,0,1,0,0,0,322.12,1,0,0,0,0,1,0,0,0,322.12,1,0,0,0,0,1,0,0,0,322.12,1,3,180,0,0,1,0,0,0,322.12,1,0,0,0,0,1,0,0,0,322.12,1,0,0,0,0,1,0,0,0,322.12,1,0,0,0,0,1,0,0,0,0,8.61889E-07,1
2019-01-01 21:40:00,Test for: 3 Chargers 16 Sessions and 9.0 hrs Horizion,122.337,56,"[1, 2, 3, 4, 5, 6, 7, 8, 9, 10, 11, 12, 13, 14, 15, 16]",0.092,5.17,204.2192591,20,0,0,0,0.976663791,396.3855556,361.19177,0,35.19378564,322.12,1,0,0,0,0,1,0,0,0,322.12,1,1.72711E-06,0,0,0,1,0,0,0,322.12,1,0,0,0,0,1,0,0,0,322.12,1,0,0,0,0,1,0,0,0,322.12,1,3,165.7973331,0,0,1,0,0,0,322.12,1,0,0,0,0,1,0,0,0,322.12,1,0,0,0,0,1,0,0,0,322.12,1,0,0,0,0,1,0,0,0,0,8.63556E-07,1
2019-01-01 21:45:00,Test for: 3 Chargers 16 Sessions and 9.0 hrs Horizion,122.337,57,"[1, 2, 3, 4, 5, 6, 7, 8, 9, 10, 11, 12, 13, 14, 15, 16]",0.092,5.17,204.2192591,20,0,0,0,0.976663791,396.3855556,361.19177,0,35.19378564,322.12,1,0,0,0,0,1,0,0,0,322.12,1,1.72378E-06,0,0,0,1,0,0,0,322.12,1,0,0,0,0,1,0,0,0,322.12,1,0,0,0,0,1,0,0,0,322.12,1,3,165.7973331,0,0,1,0,0,0,322.12,1,0,0,0,0,1,0,0,0,322.12,1,0,0,0,0,1,0,0,0,322.12,1,0,0,0,0,1,0,0,0,0,8.61889E-07,1
2019-01-01 21:50:00,Test for: 3 Chargers 16 Sessions and 9.0 hrs Horizion,122.337,58,"[1, 2, 3, 4, 5, 6, 7, 8, 9, 10, 11, 12, 13, 14, 15, 16]",0.092,5.17,204.2192591,20,0,0,10.54796894,0.976663791,396.3855556,361.19177,0,35.19378564,322.12,1,0,0,0,0,1,0,0,0,322.12,1,1.72711E-06,0,0,0,1,0,0,0,322.12,1,0,0,0,0,1,0,0,0,322.12,1,0,0,0,0,1,0,0,0,322.12,1,3,175.2905052,0,0,1,0,0,0,322.12,1,0,0,0,0,1,0,0,0,322.12,1,0,0,0,0,1,0,0,0,322.12,1,0,0,0,0,1,0,0,0,0,8.63556E-07,1
2019-01-01 21:55:00,Test for: 3 Chargers 16 Sessions and 9.0 hrs Horizion,122.337,59,"[1, 2, 3, 4, 5, 6, 7, 8, 9, 10, 11, 12, 13, 14, 15, 16]",0.092,5.17,204.2192591,20,0,0,0,0,396.3855556,361.19177,0,35.19378564,322.12,1,0,0,0,0,1,0,0,0,322.12,1,1.7269E-06,0,0,0,1,0,0,0,322.12,1,0,0,0,0,1,0,0,0,322.12,1,0,0,0,0,1,0,0,0,322.12,1,3,165.7973331,0,0,1,0,0,0,322.12,1,0,0,0,0,1,0,0,0,322.12,1,0,0,0,0,1,0,0,0,322.12,1,0,0,0,0,1,0,0,0,0,8.63452E-07,1
2019-01-01 22:00:00,Test for: 3 Chargers 16 Sessions and 9.0 hrs Horizion,122.337,60,"[1, 2, 3, 4, 5, 6, 7, 8, 9, 10, 11, 12, 13, 14, 15, 16]",0.092,0,619.9999083,20,0,0,0,0,396.3855556,361.19177,0,35.19378564,322.12,1,0,0,0,0,1,0,0,0,322.12,1,1.999999083,179.999835,0,0,1,0,0,0,322.12,1,0,0,0,0,1,0,0,0,322.12,1,0,0,0,0,1,0,0,0,322.12,1,0,0,0,0,1,0,0,0,322.12,1,1,180,0,0,1,0,0,0,322.12,1,3,180,0,0,1,0,0,0,322.12,1,0,0,0,0,1,0,0,0,1,0.999999542,1
2019-01-01 22:05:00,Test for: 3 Chargers 16 Sessions and 9.0 hrs Horizion,122.337,61,"[1, 2, 3, 4, 5, 6, 7, 8, 9, 10, 11, 12, 13, 14, 15, 16]",0.092,0,620,20,0,0,0,0,396.3855556,361.19177,0,35.19378564,322.12,1,0,0,0,0,1,0,0,0,322.12,1,2,180,0,0,1,0,0,0,322.12,1,0,0,0,0,1,0,0,0,322.12,1,0,0,0,0,1,0,0,0,322.12,1,0,0,0,0,1,0,0,0,322.12,1,1,180,0,0,1,0,0,0,322.12,1,3,180,0,0,1,0,0,0,322.12,1,0,0,0,0,1,0,0,0,1,1,1
2019-01-01 22:10:00,Test for: 3 Chargers 16 Sessions and 9.0 hrs Horizion,122.337,62,"[1, 2, 3, 4, 5, 6, 7, 8, 9, 10, 11, 12, 13, 14, 15, 16]",0.092,0,639.9999083,20,0,20,0,0,396.3855556,361.19177,0,35.19378564,322.12,1,0,0,0,0,1,0,0,0,322.12,1,1.999999095,179.9998361,0,0,1,0,0,0,322.12,1,0,0,0,0,1,0,0,0,322.12,1,0,0,0,0,1,0,0,0,322.12,1,0,0,0,0,1,0,0,0,322.12,1,1,180,0,0,1,0,0,0,322.12,1,3,180,0,0,1,0,0,0,322.12,1,0,0,0,0,1,0,0,0,1,0.999999548,1
2019-01-01 22:15:00,Test for: 3 Chargers 16 Sessions and 9.0 hrs Horizion,122.337,63,"[1, 2, 3, 4, 5, 6, 7, 8, 9, 10, 11, 12, 13, 14, 15, 16]",0.092,0,640,20,0,20,0,1.5,396.3855556,361.19177,0,35.19378564,322.12,1,0,0,0,0,1,0,0,0,322.12,1,1.999999088,179.9998355,0,0,1,0,0,0,322.12,1,0,0,0,0,1,0,0,0,322.12,1,0,0,0,0,1,0,0,0,322.12,1,9.16642E-07,3.78115E-11,0,0,1,0,0,0,322.12,1,1,180,0,0,1,0,0,0,322.12,1,3,180,0,0,1,0,0,0,322.12,1,0,0,0,0,1,0,0,0,1,1.000000002,1
2019-01-01 22:20:00,Test for: 3 Chargers 16 Sessions and 9.0 hrs Horizion,122.337,64,"[1, 2, 3, 4, 5, 6, 7, 8, 9, 10, 11, 12, 13, 14, 15, 16]",0.092,0,620,20,0,0,0,3,396.3855556,361.19177,0,35.19378564,322.12,1,0,0,0,0,1,0,0,0,322.12,1,1.999999088,179.9998355,0,0,1,0,0,0,322.12,1,0,0,0,0,1,0,0,0,322.12,1,0,0,0,0,1,0,0,0,322.12,1,9.16642E-07,3.78115E-11,0,0,1,0,0,0,322.12,1,1,180,0,0,1,0,0,0,322.12,1,3,180,0,0,1,0,0,0,322.12,1,0,0,0,0,1,0,0,0,1,1.000000002,1
2019-01-01 22:25:00,Test for: 3 Chargers 16 Sessions and 9.0 hrs Horizion,122.337,65,"[1, 2, 3, 4, 5, 6, 7, 8, 9, 10, 11, 12, 13, 14, 15, 16]",0.092,0,514.9333333,20,0,0,0,3,396.3855556,361.19177,0,35.19378564,322.12,1,0,0,0,0,1,0,0,0,322.12,1,2,180,0,0,1,0,0,0,322.12,1,0,0,0,0,1,0,0,0,322.12,1,0,0,0,0,1,0,0,0,322.12,1,0,0,0,0,1,0,0,0,322.12,1,1,85.44,0,0,1,0,0,0,322.12,1,3,180,0,0,1,0,0,0,322.12,1,0,0,0,0,1,0,0,0,1,1,1
2019-01-01 22:30:00,Test for: 3 Chargers 16 Sessions and 9.0 hrs Horizion,122.337,66,"[1, 2, 3, 4, 5, 6, 7, 8, 9, 10, 11, 12, 13, 14, 15, 16]",0.092,0,640,20,0,20,0,3,396.3855556,361.19177,0,35.19378564,322.12,1,0,0,0,0,1,0,0,0,322.12,1,2,180,0,0,1,0,0,0,322.12,1,0,0,0,0,1,0,0,0,322.12,1,0,0,0,0,1,0,0,0,322.12,1,0,0,0,0,1,0,0,0,322.12,1,1,180,0,0,1,0,0,0,322.12,1,3,180,0,0,1,0,0,0,322.12,1,0,0,0,0,1,0,0,0,1,1,1
2019-01-01 22:35:00,Test for: 3 Chargers 16 Sessions and 9.0 hrs Horizion,122.337,67,"[1, 2, 3, 4, 5, 6, 7, 8, 9, 10, 11, 12, 13, 14, 15, 16]",0.092,0,640,20,0,20,0,4.5,396.3855556,361.19177,0,35.19378564,322.12,1,0,0,0,0,1,0,0,0,322.12,1,2,180,0,0,1,0,0,0,322.12,1,0,0,0,0,1,0,0,0,322.12,1,0,0,0,0,1,0,0,0,322.12,1,0,0,0,0,1,0,0,0,322.12,1,1,180,0,0,1,0,0,0,322.12,1,3,180,0,0,1,0,0,0,322.12,1,0,0,0,0,1,0,0,0,1,1,1
2019-01-01 22:40:00,Test for: 3 Chargers 16 Sessions and 9.0 hrs Horizion,122.337,68,"[1, 2, 3, 4, 5, 6, 7, 8, 9, 10, 11, 12, 13, 14, 15, 16]",0.092,0,620,20,0,0,0,6,396.3855556,361.19177,0,35.19378564,322.12,1,0,0,0,0,1,0,0,0,322.12,1,2,180,0,0,1,0,0,0,322.12,1,0,0,0,0,1,0,0,0,322.12,1,0,0,0,0,1,0,0,0,322.12,1,0,0,0,0,1,0,0,0,322.12,1,1,180,0,0,1,0,0,0,322.12,1,3,180,0,0,1,0,0,0,322.12,1,0,0,0,0,1,0,0,0,1,1,1
2019-01-01 22:45:00,Test for: 3 Chargers 16 Sessions and 9.0 hrs Horizion,122.337,69,"[1, 2, 3, 4, 5, 6, 7, 8, 9, 10, 11, 12, 13, 14, 15, 16]",0.092,0,640,20,0,20,0,6,396.3855556,361.19177,0,35.19378564,322.12,1,0,0,0,0,1,0,0,0,322.12,1,2,180,0,0,1,0,0,0,322.12,1,0,0,0,0,1,0,0,0,322.12,1,0,0,0,0,1,0,0,0,322.12,1,0,0,0,0,1,0,0,0,322.12,1,1,180,0,0,1,0,0,0,322.12,1,3,180,0,0,1,0,0,0,322.12,1,0,0,0,0,1,0,0,0,1,1,1
2019-01-01 22:50:00,Test for: 3 Chargers 16 Sessions and 9.0 hrs Horizion,122.337,70,"[1, 2, 3, 4, 5, 6, 7, 8, 9, 10, 11, 12, 13, 14, 15, 16]",0.092,0,640,20,0,20,0,7.5,396.3855556,361.19177,0,35.19378564,322.12,1,0,0,0,0,1,0,0,0,322.12,1,2,180,0,0,1,0,0,0,322.12,1,0,0,0,0,1,0,0,0,322.12,1,0,0,0,0,1,0,0,0,322.12,1,0,0,0,0,1,0,0,0,322.12,1,1,180,0,0,1,0,0,0,322.12,1,3,180,0,0,1,0,0,0,322.12,1,0,0,0,0,1,0,0,0,1,1,1
2019-01-01 22:55:00,Test for: 3 Chargers 16 Sessions and 9.0 hrs Horizion,122.337,71,"[1, 2, 3, 4, 5, 6, 7, 8, 9, 10, 11, 12, 13, 14, 15, 16]",0.092,0,620,20,0,0,0,9,396.3855556,361.19177,0,35.19378564,322.12,1,0,0,0,0,1,0,0,0,322.12,1,2,180,0,0,1,0,0,0,322.12,1,0,0,0,0,1,0,0,0,322.12,1,0,0,0,0,1,0,0,0,322.12,1,0,0,0,0,1,0,0,0,322.12,1,1,180,0,0,1,0,0,0,322.12,1,3,180,0,0,1,0,0,0,322.12,1,0,0,0,0,1,0,0,0,1,1,1
2019-01-01 23:00:00,Test for: 3 Chargers 16 Sessions and 9.0 hrs Horizion,122.337,72,"[1, 2, 3, 4, 5, 6, 7, 8, 9, 10, 11, 12, 13, 14, 15, 16]",0.092,0,620,20,0,0,0,9,396.3855556,361.19177,0,35.19378564,322.12,1,0,0,0,0,1,0,0,0,322.12,1,2,180,0,0,1,0,0,0,322.12,1,0,0,0,0,1,0,0,0,322.12,1,0,0,0,0,1,0,0,0,322.12,1,0,0,0,0,1,0,0,0,322.12,1,1,180,0,0,1,0,0,0,322.12,1,3,180,0,0,1,0,0,0,322.12,1,0,0,0,0,1,0,0,0,1,1,1
2019-01-01 23:05:00,Test for: 3 Chargers 16 Sessions and 9.0 hrs Horizion,122.337,73,"[1, 2, 3, 4, 5, 6, 7, 8, 9, 10, 11, 12, 13, 14, 15, 16]",0.092,0,640,20,0,20,0,9,396.3855556,361.19177,0,35.19378564,322.12,1,0,0,0,0,1,0,0,0,322.12,1,2,180,0,0,1,0,0,0,322.12,1,0,0,0,0,1,0,0,0,322.12,1,0,0,0,0,1,0,0,0,322.12,1,0,0,0,0,1,0,0,0,322.12,1,1,180,0,0,1,0,0,0,322.12,1,3,180,0,0,1,0,0,0,322.12,1,0,0,0,0,1,0,0,0,1,1,1
2019-01-01 23:10:00,Test for: 3 Chargers 16 Sessions and 9.0 hrs Horizion,122.337,74,"[1, 2, 3, 4, 5, 6, 7, 8, 9, 10, 11, 12, 13, 14, 15, 16]",0.092,0,620,20,0,0,0,10.5,396.3855556,361.19177,0,35.19378564,322.12,1,0,0,0,0,1,0,0,0,322.12,1,2,180,0,0,1,0,0,0,322.12,1,0,0,0,0,1,0,0,0,322.12,1,0,0,0,0,1,0,0,0,322.12,1,0,0,0,0,1,0,0,0,322.12,1,1,180,0,0,1,0,0,0,322.12,1,3,180,0,0,1,0,0,0,322.12,1,0,0,0,0,1,0,0,0,1,1,1
2019-01-01 23:15:00,Test for: 3 Chargers 16 Sessions and 9.0 hrs Horizion,122.337,75,"[1, 2, 3, 4, 5, 6, 7, 8, 9, 10, 11, 12, 13, 14, 15, 16]",0.092,0,620,20,0,0,0,10.5,396.3855556,361.19177,0,35.19378564,322.12,1,0,0,0,0,1,0,0,0,322.12,1,2,180,0,0,1,0,0,0,322.12,1,0,0,0,0,1,0,0,0,322.12,1,0,0,0,0,1,0,0,0,322.12,1,0,0,0,0,1,0,0,0,322.12,1,1,180,0,0,1,0,0,0,322.12,1,3,180,0,0,1,0,0,0,322.12,1,0,0,0,0,1,0,0,0,1,1,1
2019-01-01 23:20:00,Test for: 3 Chargers 16 Sessions and 9.0 hrs Horizion,122.337,76,"[1, 2, 3, 4, 5, 6, 7, 8, 9, 10, 11, 12, 13, 14, 15, 16]",0.092,0,521.6,20,0,6.666666667,0,10.5,396.3855556,361.19177,0,35.19378564,322.12,1,0,0,0,0,1,0,0,0,322.12,1,2,180,0,0,1,0,0,0,322.12,1,0,0,0,0,1,0,0,0,322.12,1,0,0,0,0,1,0,0,0,322.12,1,0,0,0,0,1,0,0,0,322.12,1,1,180,0,0,1,0,0,0,322.12,1,3,85.44,0,0,1,0,0,0,322.12,1,0,0,0,0,1,0,0,0,1,1,1
2019-01-01 23:25:00,Test for: 3 Chargers 16 Sessions and 9.0 hrs Horizion,122.337,77,"[1, 2, 3, 4, 5, 6, 7, 8, 9, 10, 11, 12, 13, 14, 15, 16]",0.092,0,620,20,0,0,0,11,396.3855556,361.19177,0,35.19378564,322.12,1,0,0,0,0,1,0,0,0,322.12,1,2,180,0,0,1,0,0,0,322.12,1,0,0,0,0,1,0,0,0,322.12,1,0,0,0,0,1,0,0,0,322.12,1,0,0,0,0,1,0,0,0,322.12,1,1,180,0,0,1,0,0,0,322.12,1,3,180,0,0,1,0,0,0,322.12,1,0,0,0,0,1,0,0,0,1,1,1
2019-01-01 23:30:00,Test for: 3 Chargers 16 Sessions and 9.0 hrs Horizion,122.337,78,"[1, 2, 3, 4, 5, 6, 7, 8, 9, 10, 11, 12, 13, 14, 15, 16]",0.092,0,534.933526,20,0,20,0,11,396.3855556,361.19177,0,35.19378564,322.12,1,0,0,0,0,1,0,0,0,322.12,1,2,85.44017336,0,0,1,0,0,0,322.12,1,0,0,0,0,1,0,0,0,322.12,1,0,0,0,0,1,0,0,0,322.12,1,0,0,0,0,1,0,0,0,322.12,1,1,180,0,0,1,0,0,0,322.12,1,3,180,0,0,1,0,0,0,322.12,1,0,0,0,0,1,0,0,0,1,1,1
2019-01-01 23:35:00,Test for: 3 Chargers 16 Sessions and 9.0 hrs Horizion,122.337,79,"[1, 2, 3, 4, 5, 6, 7, 8, 9, 10, 11, 12, 13, 14, 15, 16]",0.092,0,620,20,0,0,0,12.5,396.3855556,361.19177,0,35.19378564,322.12,1,0,0,0,0,1,0,0,0,322.12,1,2,180,0,0,1,0,0,0,322.12,1,0,0,0,0,1,0,0,0,322.12,1,0,0,0,0,1,0,0,0,322.12,1,0,0,0,0,1,0,0,0,322.12,1,1,180,0,0,1,0,0,0,322.12,1,3,180,0,0,1,0,0,0,322.12,1,0,0,0,0,1,0,0,0,1,1,1
2019-01-01 23:40:00,Test for: 3 Chargers 16 Sessions and 9.0 hrs Horizion,122.337,80,"[1, 2, 3, 4, 5, 6, 7, 8, 9, 10, 11, 12, 13, 14, 15, 16]",0.092,0,640,20,0,20,0,12.5,396.3855556,361.19177,0,35.19378564,322.12,1,0,0,0,0,1,0,0,0,322.12,1,2,180,0,0,1,0,0,0,322.12,1,0,0,0,0,1,0,0,0,322.12,1,0,0,0,0,1,0,0,0,322.12,1,0,0,0,0,1,0,0,0,322.12,1,1,180,0,0,1,0,0,0,322.12,1,3,180,0,0,1,0,0,0,322.12,1,0,0,0,0,1,0,0,0,1,1,1
2019-01-01 23:45:00,Test for: 3 Chargers 16 Sessions and 9.0 hrs Horizion,122.337,81,"[1, 2, 3, 4, 5, 6, 7, 8, 9, 10, 11, 12, 13, 14, 15, 16]",0.092,0,640,20,0,20,0,14,396.3855556,361.19177,0,35.19378564,322.12,1,0,0,0,0,1,0,0,0,322.12,1,2,180,0,0,1,0,0,0,322.12,1,0,0,0,0,1,0,0,0,322.12,1,0,0,0,0,1,0,0,0,322.12,1,0,0,0,0,1,0,0,0,322.12,1,1,180,0,0,1,0,0,0,322.12,1,3,180,0,0,1,0,0,0,322.12,1,0,0,0,0,1,0,0,0,1,1,1
2019-01-01 23:50:00,Test for: 3 Chargers 16 Sessions and 9.0 hrs Horizion,122.337,82,"[1, 2, 3, 4, 5, 6, 7, 8, 9, 10, 11, 12, 13, 14, 15, 16]",0.092,0,640,20,0,20,0,15.5,396.3855556,361.19177,0,35.19378564,322.12,1,3,180,0,0,1,0,0,0,322.12,1,0,0,0,0,1,0,0,0,322.12,1,1,180,0,0,1,0,0,0,322.12,1,0,0,0,0,1,0,0,0,322.12,1,0,0,0,0,1,0,0,0,322.12,1,0,0,0,0,1,0,0,0,322.12,1,0,0,0,0,1,0,0,0,322.12,1,2,180,0,0,1,0,0,0,1,1,1
2019-01-01 23:55:00,Test for: 3 Chargers 16 Sessions and 9.0 hrs Horizion,122.337,83,"[1, 2, 3, 4, 5, 6, 7, 8, 9, 10, 11, 12, 13, 14, 15, 16]",0.092,0,640,20,0,20,0,17,396.3855556,361.19177,0,35.19378564,322.12,1,3,180,0,0,1,0,0,0,322.12,1,0,0,0,0,1,0,0,0,322.12,1,1,180,0,0,1,0,0,0,322.12,1,0,0,0,0,1,0,0,0,322.12,1,0,0,0,0,1,0,0,0,322.12,1,0,0,0,0,1,0,0,0,322.12,1,0,0,0,0,1,0,0,0,322.12,1,2,180,0,0,1,0,0,0,1,1,1
2019-01-02 00:00:00,Test for: 3 Chargers 16 Sessions and 9.0 hrs Horizion,122.337,84,"[1, 2, 3, 4, 5, 6, 7, 8, 9, 10, 11, 12, 13, 14, 15, 16]",0.092,0,640,20,0,20,0,18.5,396.3855556,361.19177,0,35.19378564,322.12,1,3,180,0,0,1,0,0,0,322.12,1,0,0,0,0,1,0,0,0,322.12,1,1,180,0,0,1,0,0,0,322.12,1,0,0,0,0,1,0,0,0,322.12,1,0,0,0,0,1,0,0,0,322.12,1,0,0,0,0,1,0,0,0,322.12,1,0,0,0,0,1,0,0,0,322.12,1,2,180,0,0,1,0,0,0,1,1,1
2019-01-02 00:05:00,Test for: 3 Chargers 16 Sessions and 9.0 hrs Horizion,122.337,85,"[1, 2, 3, 4, 5, 6, 7, 8, 9, 10, 11, 12, 13, 14, 15, 16]",0.092,0,534.9333333,20,0,20,0,20,396.3855556,361.19177,0,35.19378564,322.12,1,3,180,0,0,1,0,0,0,322.12,1,0,0,0,0,1,0,0,0,322.12,1,1,85.44,0,0,1,0,0,0,322.12,1,0,0,0,0,1,0,0,0,322.12,1,0,0,0,0,1,0,0,0,322.12,1,0,0,0,0,1,0,0,0,322.12,1,0,0,0,0,1,0,0,0,322.12,1,2,180,0,0,1,0,0,0,1,1,1
2019-01-02 00:10:00,Test for: 3 Chargers 16 Sessions and 9.0 hrs Horizion,122.337,86,"[1, 2, 3, 4, 5, 6, 7, 8, 9, 10, 11, 12, 13, 14, 15, 16]",0.092,0,640,20,0,20,0,21.5,396.3855556,361.19177,0,35.19378564,322.12,1,3,180,0,0,1,0,0,0,322.12,1,0,0,0,0,1,0,0,0,322.12,1,1,180,0,0,1,0,0,0,322.12,1,0,0,0,0,1,0,0,0,322.12,1,0,0,0,0,1,0,0,0,322.12,1,0,0,0,0,1,0,0,0,322.12,1,0,0,0,0,1,0,0,0,322.12,1,2,180,0,0,1,0,0,0,1,1,1
2019-01-02 00:15:00,Test for: 3 Chargers 16 Sessions and 9.0 hrs Horizion,122.337,87,"[1, 2, 3, 4, 5, 6, 7, 8, 9, 10, 11, 12, 13, 14, 15, 16]",0.092,0,534.9333333,20,0,20,0,23,396.3855556,361.19177,0,35.19378564,322.12,1,3,85.44,0,0,1,0,0,0,322.12,1,0,0,0,0,1,0,0,0,322.12,1,1,180,0,0,1,0,0,0,322.12,1,0,0,0,0,1,0,0,0,322.12,1,0,0,0,0,1,0,0,0,322.12,1,0,0,0,0,1,0,0,0,322.12,1,0,0,0,0,1,0,0,0,322.12,1,2,180,0,0,1,0,0,0,1,1,1
2019-01-02 00:20:00,Test for: 3 Chargers 16 Sessions and 9.0 hrs Horizion,122.337,88,"[1, 2, 3, 4, 5, 6, 7, 8, 9, 10, 11, 12, 13, 14, 15, 16]",0.092,0,640,20,0,20,0,24.5,396.3855556,361.19177,0,35.19378564,322.12,1,3,180,0,0,1,0,0,0,322.12,1,0,0,0,0,1,0,0,0,322.12,1,1,180,0,0,1,0,0,0,322.12,1,0,0,0,0,1,0,0,0,322.12,1,0,0,0,0,1,0,0,0,322.12,1,0,0,0,0,1,0,0,0,322.12,1,0,0,0,0,1,0,0,0,322.12,1,2,180,0,0,1,0,0,0,1,1,1
2019-01-02 00:25:00,Test for: 3 Chargers 16 Sessions and 9.0 hrs Horizion,122.337,89,"[1, 2, 3, 4, 5, 6, 7, 8, 9, 10, 11, 12, 13, 14, 15, 16]",0.092,0,640,20,0,20,0,26,396.3855556,361.19177,0,35.19378564,322.12,1,3,180,0,0,1,0,0,0,322.12,1,0,0,0,0,1,0,0,0,322.12,1,1,180,0,0,1,0,0,0,322.12,1,0,0,0,0,1,0,0,0,322.12,1,0,0,0,0,1,0,0,0,322.12,1,0,0,0,0,1,0,0,0,322.12,1,0,0,0,0,1,0,0,0,322.12,1,2,180,0,0,1,0,0,0,1,1,1
2019-01-02 00:30:00,Test for: 3 Chargers 16 Sessions and 9.0 hrs Horizion,122.337,90,"[1, 2, 3, 4, 5, 6, 7, 8, 9, 10, 11, 12, 13, 14, 15, 16]",0.092,0,514.9333333,20,0,0,0,27.5,396.3855556,361.19177,0,35.19378564,322.12,1,3,180,0,0,1,0,0,0,322.12,1,0,0,0,0,1,0,0,0,322.12,1,1,180,0,0,1,0,0,0,322.12,1,0,0,0,0,1,0,0,0,322.12,1,0,0,0,0,1,0,0,0,322.12,1,0,0,0,0,1,0,0,0,322.12,1,0,0,0,0,1,0,0,0,322.12,1,2,85.44,0,0,1,0,0,0,1,1,1
2019-01-02 00:35:00,Test for: 3 Chargers 16 Sessions and 9.0 hrs Horizion,122.337,91,"[1, 2, 3, 4, 5, 6, 7, 8, 9, 10, 11, 12, 13, 14, 15, 16]",0.092,0,640,20,0,20,0,27.5,396.3855556,361.19177,0,35.19378564,322.12,1,3,180,0,0,1,0,0,0,322.12,1,0,0,0,0,1,0,0,0,322.12,1,1,180,0,0,1,0,0,0,322.12,1,0,0,0,0,1,0,0,0,322.12,1,0,0,0,0,1,0,0,0,322.12,1,0,0,0,0,1,0,0,0,322.12,1,0,0,0,0,1,0,0,0,322.12,1,2,180,0,0,1,0,0,0,1,1,1
2019-01-02 00:40:00,Test for: 3 Chargers 16 Sessions and 9.0 hrs Horizion,122.337,92,"[1, 2, 3, 4, 5, 6, 7, 8, 9, 10, 11, 12, 13, 14, 15, 16]",0.092,0,620,20,0,0,0,29,396.3855556,361.19177,0,35.19378564,322.12,1,3,180,0,0,1,0,0,0,322.12,1,0,0,0,0,1,0,0,0,322.12,1,1,180,0,0,1,0,0,0,322.12,1,0,0,0,0,1,0,0,0,322.12,1,0,0,0,0,1,0,0,0,322.12,1,0,0,0,0,1,0,0,0,322.12,1,0,0,0,0,1,0,0,0,322.12,1,2,180,0,0,1,0,0,0,1,1,1
2019-01-02 00:45:00,Test for: 3 Chargers 16 Sessions and 9.0 hrs Horizion,122.337,93,"[1, 2, 3, 4, 5, 6, 7, 8, 9, 10, 11, 12, 13, 14, 15, 16]",0.092,0,640,20,0,20,0,29,396.3855556,361.19177,0,35.19378564,322.12,1,3,180,0,0,1,0,0,0,322.12,1,0,0,0,0,1,0,0,0,322.12,1,1,180,0,0,1,0,0,0,322.12,1,0,0,0,0,1,0,0,0,322.12,1,0,0,0,0,1,0,0,0,322.12,1,0,0,0,0,1,0,0,0,322.12,1,0,0,0,0,1,0,0,0,322.12,1,2,180,0,0,1,0,0,0,1,1,1
2019-01-02 00:50:00,Test for: 3 Chargers 16 Sessions and 9.0 hrs Horizion,122.337,94,"[1, 2, 3, 4, 5, 6, 7, 8, 9, 10, 11, 12, 13, 14, 15, 16]",0.092,0,640,20,0,20,0,30.5,396.3855556,361.19177,0,35.19378564,322.12,1,3,180,0,0,1,0,0,0,322.12,1,0,0,0,0,1,0,0,0,322.12,1,1,180,0,0,1,0,0,0,322.12,1,0,0,0,0,1,0,0,0,322.12,1,0,0,0,0,1,0,0,0,322.12,1,0,0,0,0,1,0,0,0,322.12,1,0,0,0,0,1,0,0,0,322.12,1,2,180,0,0,1,0,0,0,1,1,1
2019-01-02 00:55:00,Test for: 3 Chargers 16 Sessions and 9.0 hrs Horizion,122.337,95,"[1, 2, 3, 4, 5, 6, 7, 8, 9, 10, 11, 12, 13, 14, 15, 16]",0.092,0,640,20,0,20,0,32,396.3855556,361.19177,0,35.19378564,322.12,1,3,180,0,0,1,0,0,0,322.12,1,0,0,0,0,1,0,0,0,322.12,1,1,180,0,0,1,0,0,0,322.12,1,0,0,0,0,1,0,0,0,322.12,1,0,0,0,0,1,0,0,0,322.12,1,0,0,0,0,1,0,0,0,322.12,1,0,0,0,0,1,0,0,0,322.12,1,2,180,0,0,1,0,0,0,1,1,1
2019-01-02 01:00:00,Test for: 3 Chargers 16 Sessions and 9.0 hrs Horizion,122.337,96,"[1, 2, 3, 4, 5, 6, 7, 8, 9, 10, 11, 12, 13, 14, 15, 16]",0.0537,0,640,20,0,20,0,33.5,396.3855556,361.19177,0,35.19378564,322.12,1,3,180,0,0,1,0,0,0,322.12,1,0,0,0,0,1,0,0,0,322.12,1,1,180,0,0,1,0,0,0,322.12,1,0,0,0,0,1,0,0,0,322.12,1,0,0,0,0,1,0,0,0,322.12,1,0,0,0,0,1,0,0,0,322.12,1,0,0,0,0,1,0,0,0,322.12,1,2,180,0,0,1,0,0,0,1,1,1
2019-01-02 01:05:00,Test for: 3 Chargers 16 Sessions and 9.0 hrs Horizion,122.337,97,"[1, 2, 3, 4, 5, 6, 7, 8, 9, 10, 11, 12, 13, 14, 15, 16]",0.0537,0,640,20,0,20,0,35,396.3855556,361.19177,0,35.19378564,322.12,1,3,180,0,0,1,0,0,0,322.12,1,0,0,0,0,1,0,0,0,322.12,1,1,180,0,0,1,0,0,0,322.12,1,0,0,0,0,1,0,0,0,322.12,1,0,0,0,0,1,0,0,0,322.12,1,0,0,0,0,1,0,0,0,322.12,1,0,0,0,0,1,0,0,0,322.12,1,2,180,0,0,1,0,0,0,1,1,1
2019-01-02 01:10:00,Test for: 3 Chargers 16 Sessions and 9.0 hrs Horizion,122.337,98,"[1, 2, 3, 4, 5, 6, 7, 8, 9, 10, 11, 12, 13, 14, 15, 16]",0.0537,0,640,20,0,20,0,36.5,396.3855556,361.19177,0,35.19378564,322.12,1,3,180,0,0,1,0,0,0,322.12,1,0,0,0,0,1,0,0,0,322.12,1,1,180,0,0,1,0,0,0,322.12,1,0,0,0,0,1,0,0,0,322.12,1,0,0,0,0,1,0,0,0,322.12,1,0,0,0,0,1,0,0,0,322.12,1,0,0,0,0,1,0,0,0,322.12,1,2,180,0,0,1,0,0,0,1,1,1
2019-01-02 01:15:00,Test for: 3 Chargers 16 Sessions and 9.0 hrs Horizion,122.337,99,"[1, 2, 3, 4, 5, 6, 7, 8, 9, 10, 11, 12, 13, 14, 15, 16]",0.0537,0,640,20,0,20,0,38,396.3855556,361.19177,0,35.19378564,322.12,1,3,180,0,0,1,0,0,0,322.12,1,0,0,0,0,1,0,0,0,322.12,1,1,180,0,0,1,0,0,0,322.12,1,0,0,0,0,1,0,0,0,322.12,1,0,0,0,0,1,0,0,0,322.12,1,0,0,0,0,1,0,0,0,322.12,1,0,0,0,0,1,0,0,0,322.12,1,2,180,0,0,1,0,0,0,1,1,1
2019-01-02 01:20:00,Test for: 3 Chargers 16 Sessions and 9.0 hrs Horizion,122.337,100,"[1, 2, 3, 4, 5, 6, 7, 8, 9, 10, 11, 12, 13, 14, 15, 16]",0.0537,0,640,20,0,20,0,39.5,396.3855556,361.19177,0,35.19378564,322.12,1,3,180,0,0,1,0,0,0,322.12,1,0,0,0,0,1,0,0,0,322.12,1,1,180,0,0,1,0,0,0,322.12,1,0,0,0,0,1,0,0,0,322.12,1,0,0,0,0,1,0,0,0,322.12,1,0,0,0,0,1,0,0,0,322.12,1,0,0,0,0,1,0,0,0,322.12,1,2,180,0,0,1,0,0,0,1,1,1
2019-01-02 01:25:00,Test for: 3 Chargers 16 Sessions and 9.0 hrs Horizion,122.337,101,"[1, 2, 3, 4, 5, 6, 7, 8, 9, 10, 11, 12, 13, 14, 15, 16]",0.0537,0,640,20,0,20,0,41,396.3855556,361.19177,0,35.19378564,322.12,1,3,180,0,0,1,0,0,0,322.12,1,0,0,0,0,1,0,0,0,322.12,1,1,180,0,0,1,0,0,0,322.12,1,0,0,0,0,1,0,0,0,322.12,1,0,0,0,0,1,0,0,0,322.12,1,0,0,0,0,1,0,0,0,322.12,1,0,0,0,0,1,0,0,0,322.12,1,2,180,0,0,1,0,0,0,1,1,1
2019-01-02 01:30:00,Test for: 3 Chargers 16 Sessions and 9.0 hrs Horizion,122.337,102,"[1, 2, 3, 4, 5, 6, 7, 8, 9, 10, 11, 12, 13, 14, 15, 16]",0.0537,0,640,20,0,20,0,42.5,396.3855556,361.19177,0,35.19378564,322.12,1,3,180,0,0,1,0,0,0,322.12,1,0,0,0,0,1,0,0,0,322.12,1,1,180,0,0,1,0,0,0,322.12,1,0,0,0,0,1,0,0,0,322.12,1,0,0,0,0,1,0,0,0,322.12,1,0,0,0,0,1,0,0,0,322.12,1,0,0,0,0,1,0,0,0,322.12,1,2,180,0,0,1,0,0,0,1,1,1
2019-01-02 01:35:00,Test for: 3 Chargers 16 Sessions and 9.0 hrs Horizion,122.337,103,"[1, 2, 3, 4, 5, 6, 7, 8, 9, 10, 11, 12, 13, 14, 15, 16]",0.0537,0,640,20,0,20,0,44,396.3855556,361.19177,0,35.19378564,322.12,1,3,180,0,0,1,0,0,0,322.12,1,0,0,0,0,1,0,0,0,322.12,1,1,180,0,0,1,0,0,0,322.12,1,0,0,0,0,1,0,0,0,322.12,1,0,0,0,0,1,0,0,0,322.12,1,0,0,0,0,1,0,0,0,322.12,1,0,0,0,0,1,0,0,0,322.12,1,2,180,0,0,1,0,0,0,1,1,1
2019-01-02 01:40:00,Test for: 3 Chargers 16 Sessions and 9.0 hrs Horizion,122.337,104,"[1, 2, 3, 4, 5, 6, 7, 8, 9, 10, 11, 12, 13, 14, 15, 16]",0.0537,0,40,20,0,20,0,45.5,396.3855556,361.19177,0,35.19378564,322.12,0,0,0,0,0,1,0,0,0,322.12,0,0,0,0,0,1,0,0,0,322.12,0,0,0,0,0,1,0,0,0,322.12,0,0,0,0,0,1,0,0,0,322.12,0,0,0,0,0,1,0,0,0,322.12,0,0,0,0,0,1,0,0,0,322.12,0,0,0,0,0,1,0,0,0,322.12,0,0,0,0,0,1,0,0,0,0,0,0
2019-01-02 01:45:00,Test for: 3 Chargers 16 Sessions and 9.0 hrs Horizion,122.337,105,"[1, 2, 3, 4, 5, 6, 7, 8, 9, 10, 11, 12, 13, 14, 15, 16]",0.0537,0,40,20,0,20,0,47,396.3855556,361.19177,0,35.19378564,322.12,0,0,0,0,0,1,0,0,0,322.12,0,0,0,0,0,1,0,0,0,322.12,0,0,0,0,0,1,0,0,0,322.12,0,0,0,0,0,1,0,0,0,322.12,0,0,0,0,0,1,0,0,0,322.12,0,0,0,0,0,1,0,0,0,322.12,0,0,0,0,0,1,0,0,0,322.12,0,0,0,0,0,1,0,0,0,0,0,0
2019-01-02 01:50:00,Test for: 3 Chargers 16 Sessions and 9.0 hrs Horizion,122.337,106,"[1, 2, 3, 4, 5, 6, 7, 8, 9, 10, 11, 12, 13, 14, 15, 16]",0.0537,0,40,20,0,20,0,48.5,396.3855556,361.19177,0,35.19378564,322.12,0,0,0,0,0,1,0,0,0,322.12,0,0,0,0,0,1,0,0,0,322.12,0,0,0,0,0,1,0,0,0,322.12,0,0,0,0,0,1,0,0,0,322.12,0,0,0,0,0,1,0,0,0,322.12,0,0,0,0,0,1,0,0,0,322.12,0,0,0,0,0,1,0,0,0,322.12,0,0,0,0,0,1,0,0,0,0,0,0
2019-01-02 01:55:00,Test for: 3 Chargers 16 Sessions and 9.0 hrs Horizion,122.337,107,"[1, 2, 3, 4, 5, 6, 7, 8, 9, 10, 11, 12, 13, 14, 15, 16]",0.0537,0,0,20,0,0,20,50,396.3855556,361.19177,0,35.19378564,322.12,0,0,0,0,0,1,0,0,0,322.12,0,0,0,0,0,1,0,0,0,322.12,0,0,0,0,0,1,0,0,0,322.12,0,0,0,0,0,1,0,0,0,322.12,0,0,0,0,0,1,0,0,0,322.12,0,0,0,0,0,1,0,0,0,322.12,0,0,0,0,0,1,0,0,0,322.12,0,0,0,0,0,1,0,0,0,0,0,0